<?xml version="1.0"?>
<extension key="com.aghstrategies.memberid" type="module">
  <file>memberid</file>
  <name>Display MemberID</name>
  <description>Allows users to display member ids on membership view and edit screens, as well as the contact record.</description>
  <license>agpl</license>
  <maintainer>
    <author>Maggie Epps</author>
    <email>maggie@aghstrategies.com</email>
  </maintainer>
  <releaseDate>2013-11-08</releaseDate>
  <version>1.0</version>
  <develStage>alpha</develStage>
  <compatibility>
    <ver>4.3</ver>
    <ver>4.4</ver>
  </compatibility>
  <civix>
    <namespace>CRM/Memberid</namespace>
  </civix>
</extension>
